<?xml version="1.0" encoding="UTF-8"?>

<ChemicalFingerprintConfiguration Version ="0.3" 
    schemaLocation="cfp.xsd">

    <Parameters Length="1024" BondCount="7" BitCount="2"/>

    <StandardizerConfiguration Version ="0.1">
            <Actions>		
                    <Action ID="aromatize" Act="aromatize"/>
            </Actions>
    </StandardizerConfiguration>

    <ScreeningConfiguration>
        <ParametrizedMetrics>
            <ParametrizedMetric Name="Tanimoto" ActiveFamily="Generic"
                Metric="Tanimoto" Threshold="0.2"/>
            <ParametrizedMetric Name="Euclidean" ActiveFamily="Generic"
                Metric="Euclidean" Threshold="10" />
        </ParametrizedMetrics>
    </ScreeningConfiguration>

    
</ChemicalFingerprintConfiguration>
